City_ID,City,Country,Lat,Lng,Max Temp,Humidity,Cloudiness,Wind Speed,Current Description
0,Quijingue,BR,-10.7525,-39.2092,70.81,97,97,4.94,overcast clouds
1,High Level,CA,58.5169,-117.136,17.71,73,100,10.36,light snow
2,Vaini,TO,-21.2,-175.2,84.36,84,75,6.91,broken clouds
3,Atuona,PF,-9.8,-139.0333,79.65,78,8,17.07,clear sky
4,Kosamba,IN,21.4833,72.95,78.71,74,0,5.44,clear sky
5,Tasiilaq,GL,65.6145,-37.6368,33.19,97,100,9.44,light snow
6,Gamba,GA,-2.65,10.0,77.31,92,100,3.89,overcast clouds
7,Busselton,AU,-33.65,115.3333,59.31,66,67,3.0,broken clouds
8,Bredasdorp,ZA,-34.5322,20.0403,60.22,92,81,4.72,broken clouds
9,Olinda,BR,-8.0089,-34.8553,83.93,65,20,9.22,few clouds
10,Saldanha,ZA,-33.0117,17.9442,58.96,80,34,9.4,scattered clouds
11,Clyde River,CA,70.4692,-68.5914,-14.57,76,75,3.44,broken clouds
12,Cabo San Lucas,MX,22.8909,-109.9124,88.9,39,49,5.01,scattered clouds
13,Lengshuijiang,CN,27.6881,111.4294,53.29,87,100,1.99,moderate rain
14,Havelock,US,34.8791,-76.9013,60.78,65,100,16.11,overcast clouds
15,Pombal,BR,-6.7703,-37.8017,77.5,76,93,7.27,moderate rain
16,Yulara,AU,-25.2406,130.9889,71.44,33,75,6.91,broken clouds
17,Albany,US,42.6001,-73.9662,42.64,58,59,5.01,broken clouds
18,Padang,ID,-0.9492,100.3543,75.25,88,94,3.67,moderate rain
19,Zasheyek,RU,67.4066,32.5499,33.64,99,95,2.04,overcast clouds
20,Ambilobe,MG,-13.2,49.05,71.35,91,40,3.33,scattered clouds
21,Cape Town,ZA,-33.9258,18.4232,63.01,79,0,21.85,clear sky
22,Isangel,VU,-19.55,169.2667,82.8,71,100,1.86,moderate rain
23,Ancud,CL,-41.8697,-73.8203,55.22,86,100,5.77,overcast clouds
24,Atbasar,KZ,51.8,68.3333,47.7,62,100,11.39,overcast clouds
25,Rikitea,PF,-23.1203,-134.9692,78.55,63,3,11.43,clear sky
26,Comodoro Rivadavia,AR,-45.8667,-67.5,62.46,48,0,4.61,clear sky
27,Mataura,NZ,-46.1927,168.8643,60.48,52,3,2.8,clear sky
28,Nanortalik,GL,60.1432,-45.2371,29.43,89,40,9.55,scattered clouds
29,Severo-Kurilsk,RU,50.6789,156.125,32.11,78,91,5.5,overcast clouds
30,Pisco,PE,-13.7,-76.2167,65.01,82,0,14.97,clear sky
31,Pecos,US,31.4229,-103.4932,90.43,4,0,0.0,clear sky
32,Manoel Urbano,BR,-8.8389,-69.2597,72.54,98,47,2.46,scattered clouds
33,Moissala,TD,8.3404,17.7663,78.87,66,98,4.76,overcast clouds
34,Arraial Do Cabo,BR,-22.9661,-42.0278,73.47,67,1,11.07,clear sky
35,Yellowknife,CA,62.456,-114.3525,19.92,53,20,9.22,few clouds
36,Saint-Pierre,RE,-21.3393,55.4781,73.29,86,100,3.44,overcast clouds
37,Dunedin,NZ,-45.8742,170.5036,60.8,63,0,8.99,clear sky
38,Buala,SB,-8.145,159.5921,83.75,74,85,9.22,moderate rain
39,Nevelsk,RU,46.6733,141.8633,39.24,66,56,3.06,broken clouds
40,Atambua,ID,-9.1061,124.8925,78.85,77,88,2.35,overcast clouds
41,Bluff,NZ,-46.6,168.3333,60.8,67,11,5.39,few clouds
42,Curup,ID,-3.4667,102.5333,70.09,97,95,1.45,overcast clouds
43,Sabang,ID,5.8933,95.3214,83.08,71,89,6.29,overcast clouds
44,Ushuaia,AR,-54.8,-68.3,46.06,93,100,14.97,moderate rain
45,Carnarvon,AU,-24.8667,113.6333,66.27,82,94,12.66,overcast clouds
46,Puerto Ayora,EC,-0.7393,-90.3518,75.16,95,93,9.37,light rain
47,Sapouy,BF,11.5544,-1.7736,87.37,16,93,4.94,overcast clouds
48,Airai,TL,-8.9266,125.4092,68.5,71,70,1.9,broken clouds
49,Fairbanks,US,64.8378,-147.7164,41.0,25,0,5.75,clear sky
50,Lorengau,PG,-2.0226,147.2712,83.37,78,56,7.09,broken clouds
51,Helong,CN,42.5397,128.9972,46.38,40,100,5.53,overcast clouds
52,Osmanabad,IN,18.1667,76.05,81.21,46,49,13.87,scattered clouds
53,Shitanjing,CN,39.2342,106.3439,41.11,46,1,5.14,clear sky
54,Yaan,NG,7.3833,8.5667,80.76,74,100,8.1,light rain
55,Tres Picos,MX,15.8667,-93.5333,84.54,70,82,4.88,broken clouds
56,Griffith,US,41.5284,-87.4237,41.22,73,40,13.8,scattered clouds
57,Mezen,RU,65.8522,44.24,31.78,98,100,8.93,light snow
58,Poshekhonye,RU,58.4993,39.1353,27.18,92,70,0.83,broken clouds
59,Chuy,UY,-33.6971,-53.4616,62.26,78,100,6.87,overcast clouds
60,Qaanaaq,GL,77.484,-69.3632,-18.72,77,2,4.61,clear sky
61,Kapaa,US,22.0752,-159.319,80.58,83,75,19.57,broken clouds
62,Mae Hong Son,TH,19.3003,97.9685,75.34,94,42,0.0,mist
63,Thompson,CA,55.7435,-97.8558,32.16,29,75,0.0,broken clouds
64,Hilo,US,19.7297,-155.09,77.29,88,100,4.0,haze
65,Sisimiut,GL,66.9395,-53.6735,18.81,79,100,5.03,overcast clouds
66,Port Elizabeth,ZA,-33.918,25.5701,64.31,99,75,9.22,heavy intensity rain
67,Henties Bay,NA,-22.116,14.2845,61.7,78,6,5.01,clear sky
68,Dikson,RU,73.5069,80.5464,-6.02,100,95,2.89,overcast clouds
69,San Patricio,US,28.017,-97.5169,84.92,65,38,13.49,scattered clouds
70,Plast,RU,54.3691,60.8136,41.45,65,100,6.15,overcast clouds
71,Grand Gaube,MU,-20.0064,57.6608,79.2,91,11,3.0,few clouds
72,Saint George,US,37.1041,-113.5841,85.62,10,0,11.5,clear sky
73,Ostrovnoy,RU,68.0531,39.5131,33.28,91,100,9.55,overcast clouds
74,Nelson Bay,AU,-32.7167,152.15,74.08,73,22,4.47,few clouds
75,Khatanga,RU,71.9667,102.5,6.3,95,98,13.18,overcast clouds
76,Egvekinot,RU,66.3167,-179.1667,25.41,95,100,12.64,snow
77,Maniitsoq,GL,65.4167,-52.9,23.11,84,100,1.43,overcast clouds
78,Bonfim,BR,3.0833,-59.95,85.66,50,80,8.57,broken clouds
79,Georgetown,MY,5.4112,100.3354,82.33,94,20,2.3,few clouds
80,Maceio,BR,-9.6658,-35.7353,78.24,88,20,4.61,few clouds
81,Kununurra,AU,-15.7667,128.7333,85.98,74,15,5.75,few clouds
82,Punta Arenas,CL,-53.15,-70.9167,46.11,93,75,8.05,broken clouds
83,Nikolskoye,RU,59.7035,30.7861,39.7,74,100,3.27,overcast clouds
84,East London,ZA,-33.0153,27.9116,64.62,82,58,9.69,broken clouds
85,Ginda,IN,30.6945,78.4932,57.36,30,70,8.01,broken clouds
86,Port Blair,IN,11.6667,92.75,80.8,76,90,2.3,overcast clouds
87,Kovur,IN,14.4833,79.9833,79.68,84,37,3.83,scattered clouds
88,Myitkyina,MM,25.3833,97.4,67.14,94,73,3.6,broken clouds
89,Yinchuan,CN,38.4681,106.2731,46.99,37,3,1.9,clear sky
90,Batagay-Alyta,RU,67.8006,130.4114,4.41,91,100,3.0,overcast clouds
91,Naliya,IN,23.2667,68.8333,77.68,84,39,8.03,scattered clouds
92,Nemuro,JP,43.3236,145.575,42.19,83,30,12.3,scattered clouds
93,Plettenberg Bay,ZA,-34.0527,23.3716,59.36,77,32,3.4,scattered clouds
94,Kikwit,CD,-5.041,18.8162,71.22,95,91,2.21,overcast clouds
95,Muros,ES,42.7762,-9.0603,57.83,78,37,12.71,scattered clouds
96,Faanui,PF,-16.4833,-151.75,80.96,72,44,9.22,light rain
97,New Norfolk,AU,-42.7826,147.0587,55.92,55,100,1.99,overcast clouds
98,Hobart,AU,-42.8794,147.3294,60.03,85,75,1.01,broken clouds
99,Mayo,US,38.8876,-76.5119,52.12,43,0,10.0,clear sky
100,Rensvik,NO,63.1,7.8167,48.47,53,75,3.44,broken clouds
101,Poum,NC,-20.2333,164.0167,76.19,74,98,2.08,overcast clouds
102,Aklavik,CA,68.2191,-135.0107,21.07,77,95,13.44,overcast clouds
103,Provideniya,RU,64.3833,-173.3,32.36,93,100,25.01,snow
104,Seoul,KR,37.5683,126.9778,56.77,44,100,5.75,overcast clouds
105,Sao Joao Da Barra,BR,-21.6403,-41.0511,69.94,76,1,10.89,clear sky
106,Bilibino,RU,68.0546,166.4372,22.14,83,98,0.92,overcast clouds
107,Verkhoyansk,RU,67.5447,133.385,14.9,81,53,2.73,broken clouds
108,Laguna,US,38.421,-121.4238,75.31,25,0,10.36,clear sky
109,Saskylakh,RU,71.9167,114.0833,28.24,97,100,11.79,light snow
110,Tuktoyaktuk,CA,69.4541,-133.0374,19.4,58,100,9.22,overcast clouds
111,Chara,RU,56.9064,118.2631,34.03,96,100,3.87,overcast clouds
112,Kodiak,US,57.79,-152.4072,40.51,70,100,11.5,overcast clouds
113,Torbay,CA,47.6666,-52.7314,54.37,94,100,24.16,overcast clouds
114,Bud,US,39.447,-86.1758,48.88,48,100,11.05,overcast clouds
115,Christchurch,NZ,-43.5333,172.6333,62.42,62,40,21.85,scattered clouds
116,Longyearbyen,SJ,78.2186,15.6401,21.04,86,75,12.66,broken clouds
117,Drakino,RU,51.139,39.4021,46.99,94,100,7.92,overcast clouds
118,Mount Gambier,AU,-37.8333,140.7667,58.96,82,100,7.81,overcast clouds
119,Naze,JP,28.3667,129.4833,70.72,58,44,6.73,scattered clouds
120,Qui Nhon,VN,13.7667,109.2333,75.56,86,72,7.38,broken clouds
121,Prince Rupert,CA,54.3161,-130.3201,50.09,43,0,8.05,clear sky
122,Sovetskiy,RU,61.3614,63.5842,22.01,91,15,4.76,few clouds
123,Beringovskiy,RU,63.05,179.3167,31.28,99,100,8.93,light snow
124,Rio Branco,BR,-9.9747,-67.81,75.81,94,0,2.3,clear sky
125,Codrington,AU,-38.2667,141.9667,60.06,80,100,11.77,light rain
126,Hualmay,PE,-11.0964,-77.6139,66.67,83,14,11.34,few clouds
127,Coquimbo,CL,-29.9533,-71.3436,59.23,82,9,1.81,clear sky
128,Bengkulu,ID,-3.8004,102.2655,76.6,91,93,4.27,overcast clouds
129,Rayevskiy,RU,54.0658,54.9468,44.01,69,99,5.73,light rain
130,Ushtobe,KZ,45.2514,77.9838,59.97,23,67,7.09,broken clouds
131,Nouadhibou,MR,20.931,-17.0347,66.18,94,40,8.05,scattered clouds
132,Constitucion,CL,-35.3333,-72.4167,51.66,93,58,6.67,broken clouds
133,Kamenka,RU,51.3223,42.7678,48.52,88,100,7.23,overcast clouds
134,Mackay,AU,-21.15,149.2,79.68,65,5,13.98,clear sky
135,Mar Del Plata,AR,-38.0023,-57.5575,64.09,90,0,11.99,clear sky
136,Mangochi,MW,-14.4782,35.2645,69.82,94,19,7.2,few clouds
137,Palm Coast,US,29.585,-81.2078,75.29,94,91,13.0,moderate rain
138,Upernavik,GL,72.7868,-56.1549,-2.56,89,100,13.13,overcast clouds
139,San Vicente,AR,-26.6167,-54.1333,55.67,85,5,1.99,clear sky
140,Mangrol,IN,21.1167,70.1167,78.57,72,1,8.55,clear sky
141,Ponta Delgada,PT,37.7333,-25.6667,59.72,72,20,12.66,few clouds
142,Batemans Bay,AU,-35.7167,150.1833,68.09,50,90,2.84,overcast clouds
143,Praia,CV,14.9215,-23.5087,70.16,80,9,14.09,clear sky
144,Kurmanayevka,RU,52.5093,52.0675,49.82,85,96,5.66,overcast clouds
145,Saint-Philippe,RE,-21.3585,55.7679,73.22,87,62,9.06,light rain
146,Luderitz,NA,-26.6481,15.1594,67.48,49,0,12.12,clear sky
147,Hermanus,ZA,-34.4187,19.2345,61.81,83,69,12.37,broken clouds
148,Bubaque,GW,11.2833,-15.8333,75.16,76,3,16.91,clear sky
149,Marawi,PH,7.9986,124.2928,73.99,85,90,2.01,overcast clouds
150,Coihaique,CL,-45.5752,-72.0662,50.61,76,75,4.61,broken clouds
151,Hithadhoo,MV,-0.6,73.0833,82.87,74,63,8.59,broken clouds
152,Te Anau,NZ,-45.4167,167.7167,60.53,57,25,3.78,scattered clouds
153,Port Alfred,ZA,-33.5906,26.891,60.19,93,16,1.01,few clouds
154,Bulungu,CD,-4.55,18.6,70.72,94,90,1.63,overcast clouds
155,Pangkalanbuun,ID,-2.6833,111.6167,78.62,82,82,1.74,broken clouds
156,Bajos De Haina,DO,18.4154,-70.0332,75.16,91,96,6.26,overcast clouds
157,Betafo,MG,-19.8333,46.85,58.78,93,23,4.88,few clouds
158,Southbridge,US,42.0751,-72.0334,42.57,58,60,3.0,broken clouds
159,Pevek,RU,69.7008,170.3133,9.52,85,34,1.68,scattered clouds
160,Hami,CN,42.8,93.45,53.91,19,0,6.15,clear sky
161,Kaitangata,NZ,-46.2817,169.8464,57.06,56,2,2.13,clear sky
162,Butaritari,KI,3.0707,172.7902,81.81,73,43,12.62,scattered clouds
163,Acarau,BR,-2.8856,-40.12,78.28,86,90,6.91,overcast clouds
164,Korhogo,CI,9.45,-5.6333,78.75,66,100,4.0,overcast clouds
165,Vardo,NO,70.3705,31.1107,39.76,92,100,11.03,overcast clouds
166,Camopi,GF,3.1655,-52.3158,73.08,99,99,1.25,light rain
167,Vostok,RU,46.4856,135.8833,36.36,55,37,8.79,scattered clouds
168,Oshikango,NA,-17.4,15.8833,69.78,72,55,5.77,broken clouds
169,Torquay,GB,50.4638,-3.5143,48.58,68,36,7.0,scattered clouds
170,Lichinga,MZ,-13.3128,35.2406,66.29,94,75,13.8,broken clouds
171,Yerofey Pavlovich,RU,53.9667,121.9667,32.05,64,100,2.55,overcast clouds
172,Kavaratti,IN,10.5669,72.642,82.96,72,52,3.31,broken clouds
173,College,US,64.8569,-147.8028,40.98,25,0,5.75,clear sky
174,Tshikapa,CD,-6.4167,20.8,71.53,94,44,2.21,scattered clouds
175,Zambezi,ZM,-13.5432,23.1047,63.86,96,99,3.98,overcast clouds
176,Namatanai,PG,-3.6667,152.4333,85.37,66,94,11.32,overcast clouds
177,Mahebourg,MU,-20.4081,57.7,79.09,89,75,1.14,broken clouds
178,Lebu,CL,-37.6167,-73.65,53.33,89,86,8.25,overcast clouds
179,Cutro,IT,39.0353,16.9819,48.65,72,100,18.99,light rain
180,Bozhou,CN,33.8772,115.7703,58.26,60,93,11.23,overcast clouds
181,Cherskiy,RU,68.75,161.3,13.73,82,100,4.18,overcast clouds
182,Fortuna,US,40.5982,-124.1573,58.93,50,0,8.05,clear sky
183,Inhambane,MZ,-23.865,35.3833,72.39,92,96,3.98,light rain
184,Vao,NC,-22.6667,167.4833,76.98,71,32,5.37,scattered clouds
185,Grindavik,IS,63.8424,-22.4338,40.95,75,75,10.36,broken clouds
186,Iqaluit,CA,63.7506,-68.5145,-6.07,71,40,5.75,scattered clouds
187,Kormilovka,RU,55.0026,74.1028,38.03,83,37,6.38,scattered clouds
188,Longonjo,AO,-12.9067,15.2533,63.23,94,99,2.01,overcast clouds
189,Svetlyy,RU,54.675,20.1347,38.97,76,31,5.01,scattered clouds
190,Valparaiso,CL,-33.0393,-71.6273,56.48,79,49,5.48,scattered clouds
191,Vilhena,BR,-12.7406,-60.1458,68.54,95,53,3.27,broken clouds
192,Port Macquarie,AU,-31.4333,152.9167,74.89,68,13,4.09,few clouds
193,Kavieng,PG,-2.5744,150.7967,85.37,66,91,13.98,overcast clouds
194,Lagoa,PT,39.05,-27.9833,56.97,66,63,16.26,broken clouds
195,Akyab,MM,20.15,92.9,80.91,83,58,4.0,broken clouds
196,Ilulissat,GL,69.2167,-51.1,14.02,73,40,5.75,scattered clouds
197,Jamestown,US,42.097,-79.2353,37.04,43,0,6.91,clear sky
198,Castro,BR,-24.7911,-50.0119,52.02,96,8,4.34,clear sky
199,Santa Rosa,PH,14.3122,121.1114,86.09,69,60,13.82,broken clouds
200,Navalmoral De La Mata,ES,39.8916,-5.5406,61.3,59,100,0.81,overcast clouds
201,Avarua,CK,-21.2078,-159.775,82.45,69,100,2.3,overcast clouds
202,Genhe,CN,50.7833,121.5167,38.53,38,100,10.2,overcast clouds
203,Awbari,LY,26.5921,12.7805,63.03,35,41,7.85,scattered clouds
204,Bambous Virieux,MU,-20.3428,57.7575,79.05,89,75,1.14,light rain
205,Lasa,IT,46.6166,10.7002,43.68,74,5,2.48,clear sky
206,Shimoda,JP,34.6667,138.95,59.36,83,100,7.36,overcast clouds
207,Nha Trang,VN,12.25,109.1833,78.8,81,64,5.55,broken clouds
208,Ribeira Grande,PT,38.5167,-28.7,58.1,70,53,19.48,broken clouds
209,Howell,US,42.6073,-83.9294,41.02,50,0,8.05,clear sky
210,Adamovka,RU,51.5223,59.9396,45.9,75,94,6.33,overcast clouds
211,Liverpool,GB,53.4106,-2.9779,53.29,85,75,10.36,broken clouds
212,Puerto Ayacucho,VE,5.6639,-67.6236,76.32,89,39,5.61,scattered clouds
213,Tiksi,RU,71.6872,128.8694,1.62,98,87,4.03,overcast clouds
214,Iracoubo,GF,5.4802,-53.2011,77.25,87,33,10.63,scattered clouds
215,Mizan Teferi,ET,6.9833,35.5833,62.02,96,100,3.31,overcast clouds
216,Sioux Lookout,CA,50.1001,-91.917,24.87,86,100,6.91,mist
217,Pitimbu,BR,-7.4706,-34.8086,79.39,78,60,9.26,broken clouds
218,Kulhudhuffushi,MV,6.6221,73.07,83.48,75,100,7.61,overcast clouds
219,Omsukchan,RU,62.5333,155.8,20.86,80,98,2.06,overcast clouds
220,Srednekolymsk,RU,67.45,153.6833,18.46,85,99,6.69,overcast clouds
221,Qasigiannguit,GL,68.8193,-51.1922,14.25,90,24,6.69,few clouds
222,Hay River,CA,60.8156,-115.7999,15.78,45,20,4.61,few clouds
223,Cayenne,GF,4.9333,-52.3333,81.09,1,0,4.0,clear sky
224,Bang Saphan,TH,11.2126,99.5117,78.82,86,100,1.99,overcast clouds
225,Katangli,RU,51.7102,143.2326,29.34,89,99,6.8,overcast clouds
226,Bethel,US,41.3712,-73.414,44.96,46,20,5.75,few clouds
227,Anadyr,RU,64.75,177.4833,32.5,86,75,24.61,light shower snow
228,Esperance,AU,-33.8667,121.9,58.84,62,71,7.31,broken clouds
229,Pithapuram,IN,17.1167,82.2667,77.99,72,83,5.12,broken clouds
230,Tuatapere,NZ,-46.1333,167.6833,59.49,61,10,3.18,clear sky
231,Breyten,ZA,-26.3018,29.987,50.43,99,99,1.92,light rain
232,Sinnamary,GF,5.3833,-52.95,77.34,87,48,10.78,scattered clouds
233,Hasaki,JP,35.7333,140.8333,64.8,67,73,11.21,broken clouds
234,Pacific Grove,US,36.6177,-121.9166,67.39,71,0,11.5,clear sky
235,Pangnirtung,CA,66.1451,-65.7125,-4.23,100,100,6.2,overcast clouds
236,Paamiut,GL,61.994,-49.6678,25.84,84,97,1.12,overcast clouds
237,Beira,MZ,-19.8436,34.8389,77.09,94,75,10.36,broken clouds
238,Marzuq,YE,14.4,46.4667,72.28,42,3,4.38,clear sky
239,Tigil,RU,57.8,158.6667,26.08,92,100,9.44,light snow
240,Ahipara,NZ,-35.1667,173.1667,69.58,91,95,13.04,light rain
241,Stornoway,GB,58.2093,-6.3865,48.16,94,75,9.22,broken clouds
242,Iglesias,IT,39.3114,8.535,47.79,53,7,4.27,clear sky
243,Barrow,US,71.2906,-156.7887,6.82,78,0,9.22,clear sky
244,Alyangula,AU,-13.8483,136.4192,85.87,79,100,2.3,overcast clouds
245,Pauini,BR,-7.7136,-66.9764,74.32,99,100,2.86,overcast clouds
246,Manicore,BR,-5.8092,-61.3003,74.75,97,95,2.33,overcast clouds
247,Porto Novo,BJ,6.4965,2.6036,84.02,86,100,7.34,moderate rain
248,Itarema,BR,-2.9248,-39.9167,77.31,88,91,5.88,moderate rain
249,Kang,BW,-23.6752,22.7876,61.12,88,5,5.03,clear sky
250,Wanning,CN,18.8003,110.3967,77.45,86,60,4.99,broken clouds
251,Lompoc,US,34.6391,-120.4579,68.68,67,0,25.01,clear sky
252,Passo De Camaragibe,BR,-9.2368,-35.4901,78.35,91,57,3.76,broken clouds
253,Vuktyl,RU,63.8567,57.3094,23.59,94,52,6.15,broken clouds
254,Pemangkat,ID,1.1667,108.9667,79.66,85,73,7.0,broken clouds
255,Cidreira,BR,-30.1811,-50.2056,67.35,73,98,11.12,overcast clouds
256,Pochutla,MX,15.7432,-96.4661,85.82,53,90,8.63,overcast clouds
257,Maragogi,BR,-9.0122,-35.2225,78.78,81,81,8.7,broken clouds
258,Dingle,PH,10.9995,122.6711,80.85,78,74,10.78,broken clouds
259,Pampa,US,35.5362,-100.9599,75.56,23,0,6.91,clear sky
260,Jinxiang,CN,27.4327,120.6062,58.86,73,94,4.14,overcast clouds
261,Great Falls,US,47.5002,-111.3008,42.19,39,0,16.11,clear sky
262,Broome,US,42.2506,-75.833,37.89,56,0,6.91,clear sky
263,Kirakira,SB,-10.4544,161.9205,84.97,67,82,8.48,broken clouds
264,Marsh Harbour,BS,26.5412,-77.0636,76.37,80,42,11.74,scattered clouds
265,Oussouye,SN,12.485,-16.5469,69.98,75,7,12.75,clear sky
266,Carballo,ES,43.213,-8.691,56.75,94,96,7.43,overcast clouds
267,Yarmouth,US,41.7057,-70.2286,44.6,67,0,18.01,clear sky
268,La Ronge,CA,55.1001,-105.2842,35.85,41,40,4.61,scattered clouds
269,Nara,JP,34.6851,135.8049,65.52,52,98,3.49,overcast clouds
270,Destin,US,30.3935,-86.4958,73.98,92,100,14.0,overcast clouds
271,Petropavlovsk-Kamchatskiy,RU,53.0452,158.6483,34.39,44,75,4.47,broken clouds
272,Banikoara,BJ,11.2985,2.4386,88.47,16,100,7.29,overcast clouds
273,Maldonado,UY,-34.6667,-54.9167,61.23,86,100,6.15,overcast clouds
274,Bandiagara,ML,14.3501,-3.6104,80.15,14,66,9.6,broken clouds
275,Svetlaya,RU,46.5389,138.3297,43.0,51,14,6.38,few clouds
276,Pemberton,CA,50.3164,-122.8027,53.29,46,96,5.1,overcast clouds
277,Gubkinskiy,RU,64.434,76.5026,11.61,91,94,11.45,overcast clouds
278,Isla Vista,US,34.4133,-119.861,78.3,59,0,6.91,clear sky
279,Morgan City,US,29.6994,-91.2068,78.03,94,75,11.5,broken clouds
280,Winchester,GB,51.0651,-1.3187,51.66,88,100,4.61,haze
281,Catemaco,MX,18.4167,-95.1167,84.76,51,15,7.11,few clouds
282,Qaqortoq,GL,60.7167,-46.0333,27.0,89,69,3.02,broken clouds
283,Saint Paul,US,44.9444,-93.0933,36.73,91,100,6.91,snow
284,Edd,ER,13.9297,41.6925,84.13,58,11,1.97,few clouds
285,Soe,ID,-9.8607,124.284,74.3,76,91,3.65,overcast clouds
286,Kahului,US,20.8947,-156.47,84.22,65,20,25.32,few clouds
287,Port Hedland,AU,-20.3167,118.5667,86.05,28,23,21.85,few clouds
288,Macusani,PE,-14.0833,-70.4333,35.62,70,38,1.95,scattered clouds
289,Tilichiki,RU,60.4667,166.1,23.38,80,36,6.58,scattered clouds
290,Boddam,GB,57.4667,-1.7833,46.78,90,100,18.1,overcast clouds
291,Vanavara,RU,60.34,102.2797,35.47,74,96,11.52,overcast clouds
292,Gorokhovets,RU,56.1947,42.7003,27.99,93,59,5.66,broken clouds
293,Vologda,RU,59.2187,39.8886,31.26,85,97,3.85,overcast clouds
294,Goderich,CA,43.7501,-81.7165,35.92,64,21,9.22,few clouds
295,San Policarpo,PH,12.1791,125.5072,82.72,67,83,11.5,broken clouds
296,Antigonish,CA,45.6169,-61.9986,39.15,85,44,3.0,scattered clouds
297,Luena,AO,-11.7833,19.9167,62.13,97,99,3.65,overcast clouds
298,Beyneu,KZ,45.3167,55.2,59.49,40,2,5.91,clear sky
299,North Myrtle Beach,US,33.816,-78.68,66.38,77,0,14.97,clear sky
300,Mackenzie,CA,55.2999,-123.1698,43.02,39,20,10.36,few clouds
301,Semnan,IR,35.5729,53.3971,50.02,52,11,6.06,few clouds
302,Dahanu,IN,19.9667,72.7333,78.69,74,0,4.65,clear sky
303,Ajaccio,FR,42.0,8.9167,44.65,71,0,5.75,clear sky
304,Moranbah,AU,-22.0016,148.0466,76.53,48,0,13.62,clear sky
305,Wamba,NG,8.9333,8.6,76.19,80,100,3.8,light rain
306,Chernyshevskiy,RU,63.0128,112.4714,29.5,83,95,15.03,overcast clouds
307,Coahuayana,MX,18.7333,-103.6833,81.36,61,63,4.92,broken clouds
308,Labuan,MY,5.2767,115.2417,84.56,84,20,3.44,few clouds
309,Thinadhoo,MV,0.5333,72.9333,83.43,70,99,10.04,overcast clouds
310,Kruisfontein,ZA,-34.0033,24.7314,58.89,84,50,4.9,scattered clouds
311,Bima,ID,-8.4667,118.7167,80.98,87,95,1.79,moderate rain
312,Souillac,MU,-20.5167,57.5167,79.18,89,75,1.14,light rain
313,Wanxian,CN,30.8039,108.3897,54.82,91,100,2.17,overcast clouds
314,Tvoroyri,FO,61.5556,-6.8111,47.1,94,100,20.8,light rain
315,Kamaishi,JP,39.2667,141.8833,54.48,56,40,8.97,scattered clouds
316,Lavrentiya,RU,65.5833,-171.0,31.05,97,100,14.67,snow
317,Sola,VU,-13.8833,167.55,88.47,74,75,2.3,broken clouds
318,Sao Filipe,CV,14.8961,-24.4956,71.51,78,1,8.88,clear sky
319,Roma,US,43.2128,-75.4557,39.96,58,0,8.05,clear sky
320,Grande Prairie,CA,55.1667,-118.8027,39.38,38,75,4.61,broken clouds
321,Norman Wells,CA,65.282,-126.8329,26.64,28,20,6.91,few clouds
322,Hamilton,US,39.1834,-84.5333,48.88,49,0,10.36,clear sky
323,Namibe,AO,-15.1961,12.1522,72.82,77,23,4.88,few clouds
324,Port Hardy,CA,50.6996,-127.4199,51.98,50,75,20.71,broken clouds
325,Koutsouras,GR,35.0339,25.9469,63.1,71,66,6.98,broken clouds
326,Warrnambool,AU,-38.3833,142.4833,57.81,81,100,11.86,light rain
327,Alugan,PH,12.2188,125.4808,82.29,68,84,10.83,broken clouds
328,Ust-Omchug,RU,61.15,149.6333,14.27,81,100,1.92,overcast clouds
329,Khorixas,NA,-20.3667,14.9667,69.17,37,10,2.89,clear sky
330,Keta,GH,5.9179,0.9879,82.62,79,99,9.26,light rain
331,Jonesboro,US,35.8423,-90.7043,46.17,100,100,12.66,mist
332,Pavilosta,LV,56.8879,21.1859,31.91,65,76,5.28,broken clouds
333,Chokurdakh,RU,70.6333,147.9167,10.83,91,78,4.45,broken clouds
334,Praia Da Vitoria,PT,38.7333,-27.0667,59.25,77,40,14.92,scattered clouds
335,Narsaq,GL,60.9167,-46.05,34.02,91,81,3.51,broken clouds
336,Victoria,HK,22.2855,114.1577,74.17,77,100,4.0,overcast clouds
337,Piotrkow Trybunalski,PL,51.4055,19.7032,37.18,41,77,3.11,broken clouds
338,Bharatpur,IN,27.2167,77.4833,83.73,15,3,4.03,clear sky
339,Sterling,US,39.0062,-77.4286,51.22,43,0,3.44,clear sky
340,Ketchikan,US,55.3422,-131.6461,50.47,32,20,6.91,few clouds
341,Jawad,IN,24.6,74.85,77.41,28,0,7.4,clear sky
342,Moerai,PF,-22.4333,-151.3333,79.56,71,4,3.78,clear sky
343,Husavik,IS,66.0449,-17.3389,39.04,98,100,5.23,light rain
344,Kalininsk,RU,51.5,44.4758,49.96,84,100,5.48,overcast clouds
345,Slave Lake,CA,55.2834,-114.769,37.38,48,20,3.44,few clouds
346,Gasa,PS,31.5,34.4667,81.97,17,26,21.14,scattered clouds
347,Jackson,US,42.4165,-122.8345,62.74,47,0,4.61,clear sky
348,Ponta Do Sol,PT,32.6667,-17.1,66.83,54,93,12.21,overcast clouds
349,Diego De Almagro,CL,-26.3667,-70.05,60.51,48,0,2.44,clear sky
350,Waddan,LY,29.1614,16.139,59.67,63,11,3.58,few clouds
351,Melo,UY,-32.3667,-54.1833,63.54,67,100,9.84,light rain
352,Bijar,IR,35.8668,47.6051,40.01,52,9,2.42,clear sky
353,Russell,US,32.3502,-85.1999,66.11,93,20,0.0,few clouds
354,Tatarsk,RU,55.219,75.9828,37.47,81,38,5.14,scattered clouds
355,Cangucu,BR,-31.395,-52.6756,56.25,86,100,5.73,overcast clouds
356,Kathmandu,NP,27.7167,85.3167,59.22,55,20,3.44,mist
357,Saint-Leu,RE,-21.15,55.2833,74.23,81,4,3.04,clear sky
358,Chapais,CA,49.7834,-74.8492,24.58,84,100,9.69,overcast clouds
359,Carutapera,BR,-1.195,-46.02,76.37,91,98,3.11,overcast clouds
360,Caravelas,BR,-17.7125,-39.2481,78.03,62,100,10.83,overcast clouds
361,Rjukan,NO,59.8789,8.5941,41.04,65,97,3.94,overcast clouds
362,Biloela,AU,-24.4167,150.5,76.41,39,0,5.93,clear sky
363,Nebaj,GT,15.4058,-91.1461,79.38,55,69,5.55,broken clouds
364,Mandal,IN,25.45,74.5667,81.91,31,0,12.91,clear sky
365,Tsiroanomandidy,MG,-18.7667,46.0333,65.97,80,11,3.09,few clouds
366,Kushva,RU,58.2906,59.7592,20.52,95,11,1.01,few clouds
367,Cordeiro,BR,-22.0286,-42.3608,62.56,93,93,4.0,overcast clouds
368,Yining,CN,29.0361,114.5636,52.21,92,100,1.63,overcast clouds
369,Gualeguaychu,AR,-33.0094,-58.5172,63.9,86,99,3.85,overcast clouds
370,Phenix City,US,32.471,-85.0008,66.67,92,75,0.0,light rain
371,Richards Bay,ZA,-28.783,32.0377,63.48,94,100,3.83,light rain
372,Krasnoselkup,RU,65.7,82.4667,11.14,95,90,11.97,overcast clouds
373,Acajutla,SV,13.5928,-89.8275,84.18,70,100,8.12,overcast clouds
374,Patos,BR,-7.0244,-37.28,77.04,77,93,3.02,moderate rain
375,Haines Junction,CA,60.7522,-137.5108,33.75,32,83,5.75,broken clouds
376,Los Llanos De Aridane,ES,28.6585,-17.9182,69.55,43,100,14.97,overcast clouds
377,Solnechnyy,RU,50.7214,136.6319,31.82,82,97,1.59,overcast clouds
378,Esfahan,IR,32.6572,51.6776,44.24,25,12,7.11,few clouds
379,Adrar,MR,20.5022,-10.0711,77.31,13,71,11.97,broken clouds
380,Kudahuvadhoo,MV,2.6708,72.8944,83.86,65,82,10.8,broken clouds
381,Korla,CN,41.7597,86.1469,54.28,17,1,7.94,clear sky
382,Selizharovo,RU,56.8519,33.4487,24.67,92,13,3.51,few clouds
383,Anori,BR,-3.7728,-61.6442,74.46,96,91,2.21,heavy intensity rain
384,Mahanoro,MG,-19.9,48.8,73.56,91,41,2.1,light rain
385,Kitimat,CA,54.0524,-128.6534,56.91,27,13,0.2,few clouds
386,Ballina,AU,-28.8667,153.5667,73.02,84,70,5.48,broken clouds
387,Ahualulco,MX,22.4,-101.1667,89.42,7,42,10.36,scattered clouds
388,Mahibadhoo,MV,3.7833,72.9667,83.8,71,100,12.26,overcast clouds
389,Saint Anthony,US,45.0205,-93.218,36.1,91,100,6.91,snow
390,Luau,AO,-10.7073,22.2247,63.59,97,100,3.83,overcast clouds
391,Dera Bugti,PK,29.0307,69.151,82.51,17,99,4.43,overcast clouds
392,Deputatskiy,RU,69.3,139.9,6.67,94,98,3.69,overcast clouds
393,Komsomolskiy,UZ,40.4272,71.7189,63.32,42,59,6.91,broken clouds
394,Odweyne,SO,9.4092,45.064,72.88,63,59,7.61,broken clouds
395,Semirom,IR,31.4167,51.5667,40.3,39,0,5.01,clear sky
396,Gawler,AU,-34.6,138.7333,64.26,85,100,3.06,overcast clouds
397,Kataysk,RU,56.289,62.5841,34.0,83,91,4.97,overcast clouds
398,Cabedelo,BR,-6.9811,-34.8339,79.47,78,52,9.78,broken clouds
399,Langsa,ID,4.4683,97.9683,74.75,94,100,2.98,overcast clouds
400,Lyngseidet,NO,69.5763,20.2189,39.2,94,100,9.01,overcast clouds
401,Makakilo City,US,21.3469,-158.0858,80.92,60,75,18.41,broken clouds
402,Freeport,US,40.6576,-73.5832,47.25,40,0,17.27,clear sky
403,Ariquemes,BR,-9.9133,-63.0408,72.77,98,97,3.22,overcast clouds
404,Vizinga,RU,61.0749,50.1031,26.4,92,61,4.41,broken clouds
405,Pyapon,MM,16.2833,95.6833,79.45,79,12,4.36,few clouds
406,Sitka,US,57.0531,-135.33,46.29,57,75,9.22,broken clouds
407,Hobyo,SO,5.3505,48.5268,82.67,78,57,16.84,broken clouds
408,Ihosy,MG,-22.4,46.1167,66.43,90,82,7.02,broken clouds
409,Vestmannaeyjar,IS,63.4427,-20.2734,42.69,70,21,4.7,few clouds
410,Tiznit,MA,29.5833,-9.5,72.86,23,100,1.34,overcast clouds
411,Chifeng,CN,42.2683,118.9636,50.61,30,0,8.39,clear sky
412,Dapdap,PH,12.062,125.4881,83.16,66,82,11.27,broken clouds
413,Mitsamiouli,KM,-11.3847,43.2844,81.18,73,11,7.58,few clouds
414,Nhulunbuy,AU,-12.2333,136.7667,77.61,94,100,10.36,moderate rain
415,Shache,CN,38.4167,77.2406,55.83,19,35,5.93,scattered clouds
416,Forio,IT,40.7342,13.8646,53.82,53,95,18.39,overcast clouds
417,Faya,SA,18.3851,42.4509,62.71,37,41,3.04,scattered clouds
418,Ixtapa,MX,20.7,-105.2,78.22,69,75,8.05,broken clouds
419,Vestmanna,FO,62.1564,-7.1664,45.52,100,100,8.05,drizzle
420,Aljezur,PT,37.3191,-8.8033,56.95,89,90,10.56,overcast clouds
421,Havre-Saint-Pierre,CA,50.2334,-63.5986,37.4,93,100,13.8,overcast clouds
422,Nishihara,JP,26.1842,127.7558,70.88,69,100,2.3,overcast clouds
423,Narovchat,RU,53.8765,43.6946,34.65,96,100,6.13,overcast clouds
424,Olavarria,AR,-36.8927,-60.3225,60.03,84,82,5.73,broken clouds
425,Touros,BR,-5.1989,-35.4608,80.29,78,87,8.7,overcast clouds
426,Correntina,BR,-13.3433,-44.6367,69.75,92,30,3.42,scattered clouds
427,Bayan,CN,46.0833,127.4,46.13,23,7,6.67,clear sky
428,Vrangel,RU,42.7297,133.0839,45.7,63,69,5.03,broken clouds
429,Kutum,SD,14.2,24.6667,79.57,14,31,2.1,scattered clouds
430,Duldurga,RU,50.6761,113.5931,52.07,39,44,10.78,scattered clouds
431,Baykit,RU,61.67,96.37,25.2,83,99,11.56,overcast clouds
432,Kitob,UZ,39.0843,66.8332,63.55,53,99,3.44,overcast clouds
433,Sokoto,NG,13.0609,5.239,84.56,9,96,8.43,overcast clouds
434,Kieta,PG,-6.2167,155.6333,82.85,74,70,2.73,light rain
435,Klaksvik,FO,62.2266,-6.589,47.32,97,100,11.79,light rain
436,Klamath Falls,US,42.2249,-121.7817,55.96,28,20,4.61,few clouds
437,Benemerito De Las Americas,MX,16.5167,-90.6439,82.38,57,13,0.67,few clouds
438,Suntar,RU,62.1444,117.6319,39.58,88,95,9.98,overcast clouds
439,Mumford,GH,5.2618,-0.759,80.49,85,100,11.07,moderate rain
440,Voh,NC,-20.9667,164.7,81.39,61,71,3.11,broken clouds
441,Katsuura,JP,35.1333,140.3,62.87,68,90,11.41,overcast clouds
442,Gornoye Loo,RU,43.7129,39.6049,62.38,55,83,8.37,broken clouds
443,Francisco Beltrao,BR,-26.0811,-53.055,57.58,84,7,2.66,clear sky
444,Sosnogorsk,RU,63.6023,53.8817,27.46,97,75,4.92,broken clouds
445,Lyuban,BY,52.7985,28.0048,33.98,72,90,6.26,overcast clouds
446,Half Moon Bay,US,37.4636,-122.4286,65.91,60,0,20.71,clear sky
447,Gavle,SE,60.6745,17.1417,44.15,79,99,1.07,overcast clouds
448,Palencia,ES,42.4167,-4.5,47.79,72,76,9.22,broken clouds
449,San Quintin,MX,30.4833,-115.95,64.76,68,4,20.85,clear sky
450,Valdivia,CL,-39.8142,-73.2459,50.11,89,98,2.08,overcast clouds
451,Cap Malheureux,MU,-19.9842,57.6142,75.47,91,11,4.0,few clouds
452,Chato,TZ,-2.6378,31.7669,65.98,90,99,4.38,overcast clouds
453,Bundaberg,AU,-24.85,152.35,80.22,58,31,11.5,scattered clouds
454,Vyazemskiy,RU,47.5378,134.7525,40.91,60,50,7.85,scattered clouds
455,Saint-Augustin,CA,51.226,-58.6502,35.76,99,100,15.39,overcast clouds
456,Sibolga,ID,1.7427,98.7792,75.69,94,100,3.89,overcast clouds
457,Trincomalee,LK,8.5711,81.2335,79.52,85,48,9.42,scattered clouds
458,Ler,SS,8.3018,30.1418,82.26,47,5,4.0,clear sky
459,Erzin,TR,36.9559,36.2,65.25,34,98,10.76,overcast clouds
460,Nome,US,64.5011,-165.4064,31.15,80,100,16.11,overcast clouds
461,Erenhot,CN,43.6475,111.9767,47.89,25,0,5.61,clear sky
462,Asyut,EG,27.181,31.1837,83.34,12,53,7.58,broken clouds
463,Czluchow,PL,53.6672,17.3588,33.76,69,38,5.12,scattered clouds
464,Linxia,CN,35.6003,103.2064,41.95,41,8,1.12,clear sky
465,Ratnagiri,IN,16.9833,73.3,78.46,76,1,2.8,clear sky
466,Vila Franca Do Campo,PT,37.7167,-25.4333,59.41,73,84,11.1,broken clouds
467,Emet,TR,39.343,29.2585,47.79,73,75,1.5,broken clouds
468,Pocone,BR,-16.2567,-56.6228,72.41,62,12,3.89,few clouds
469,Pontes E Lacerda,BR,-15.2261,-59.3353,71.82,84,11,3.33,few clouds
470,Leningradskiy,RU,69.3833,178.4167,19.4,89,95,5.35,overcast clouds
471,Torrington,US,41.8007,-73.1212,42.28,57,3,5.99,clear sky
472,Aras,ES,42.5617,-2.356,48.61,76,0,9.22,clear sky
473,Atherton,GB,53.5237,-2.4935,52.9,90,88,1.99,overcast clouds
474,Coutances,FR,49.05,-1.4333,48.87,95,100,5.77,overcast clouds
475,Hjelset,NO,62.7833,7.4833,47.98,76,100,5.75,overcast clouds
476,Walvis Bay,NA,-22.9575,14.5053,64.06,65,6,5.17,clear sky
477,Belmonte,BR,-15.8631,-38.8828,77.05,77,100,13.42,overcast clouds
478,Westport,US,41.1415,-73.3579,46.56,41,0,9.22,clear sky
479,Hofn,IS,64.2539,-15.2082,44.46,78,0,2.84,clear sky
480,Malanje,AO,-9.5402,16.341,64.72,96,100,1.86,overcast clouds
481,Cacu,BR,-18.5567,-51.1308,62.02,66,0,3.04,clear sky
482,Sainte-Marie,RE,-20.8968,55.5496,75.33,94,75,14.97,broken clouds
483,Kloulklubed,PW,7.0419,134.2556,82.9,74,100,4.0,overcast clouds
484,Boralday,KZ,43.3578,76.8594,48.06,61,40,4.47,scattered clouds
485,Buchanan,LR,5.8808,-10.0467,78.78,84,100,4.03,overcast clouds
486,Vila Velha,BR,-20.3297,-40.2925,75.15,81,75,11.5,broken clouds
487,Arenapolis,BR,-14.4503,-56.8461,72.79,86,20,1.72,few clouds
488,Zhuhai,CN,22.2769,113.5678,71.38,83,40,8.05,scattered clouds
489,Berlevag,NO,70.8578,29.0864,42.6,94,100,16.51,overcast clouds
490,Namwala,ZM,-15.7504,26.4384,63.0,96,11,4.5,few clouds
491,Khandyga,RU,62.6667,135.6,27.23,86,97,5.82,overcast clouds
492,Falun,SE,60.6036,15.626,37.81,78,100,1.5,overcast clouds
493,Ternate,ID,0.8,127.4,84.11,72,35,3.51,scattered clouds
494,Puerto Madryn,AR,-42.7692,-65.0385,60.51,77,0,16.6,clear sky
495,La Rioja,ES,42.25,-2.5,44.38,71,100,3.87,overcast clouds
496,Talcahuano,CL,-36.7167,-73.1167,53.74,87,83,7.31,broken clouds
497,Muriwai Beach,NZ,-36.8167,174.45,64.96,88,100,18.84,moderate rain
498,Am Timan,TD,11.0297,20.2827,87.64,40,85,8.77,overcast clouds
499,Alagoinhas,BR,-12.1356,-38.4192,72.81,98,100,1.86,light rain
500,Moanda,GA,-1.5575,13.2178,70.57,98,96,2.3,moderate rain
501,Storforshei,NO,66.4043,14.5233,35.65,92,40,0.0,scattered clouds
502,Muravlenko,RU,63.7898,74.523,12.54,95,77,9.31,broken clouds
503,Herend,HU,47.1333,17.75,28.2,65,9,1.32,clear sky
504,Riyadh,SA,24.6877,46.7219,68.14,21,0,4.74,clear sky
505,Whitehorse,CA,60.7161,-135.0538,31.01,50,75,2.3,broken clouds
506,Baijiantan,CN,45.6333,85.1833,60.01,14,2,7.23,clear sky
507,Matagami,CA,49.7502,-77.6328,23.11,74,100,13.8,overcast clouds
508,Rio Grande,BR,-32.035,-52.0986,63.95,78,100,12.08,overcast clouds
509,Lata,PT,40.1629,-8.3327,58.82,98,40,1.39,scattered clouds
510,Shingu,JP,33.7333,135.9833,63.55,79,100,6.38,light rain
511,Hovd,MN,48.0056,91.6419,45.7,21,1,6.49,clear sky
512,Udaipura,IN,23.0833,78.5,83.26,20,5,6.24,clear sky
513,Saint-Francois,FR,46.4154,3.9054,43.68,84,0,2.3,clear sky
514,Pucallpa,PE,-8.3791,-74.5539,84.24,70,20,2.3,few clouds
515,Ochakiv,UA,46.6128,31.5498,40.98,79,100,17.02,overcast clouds
516,Khor,RU,47.8861,134.9464,39.38,73,99,9.17,overcast clouds
517,Izazi,TZ,-7.2,35.7333,68.16,88,96,1.45,overcast clouds
518,Umm Kaddadah,SD,13.6017,26.6876,83.97,11,2,8.72,clear sky
519,Kroya,ID,-7.6331,109.2461,82.42,80,72,2.46,broken clouds
520,Izumo,JP,35.3667,132.7667,55.35,62,0,8.05,clear sky
521,Margate,GB,51.3813,1.3862,52.7,72,71,1.01,broken clouds
522,Nantucket,US,41.2835,-70.0995,44.71,59,0,11.5,clear sky
523,Shenjiamen,CN,29.9576,122.298,56.71,71,100,2.8,overcast clouds
524,Hope,US,33.6671,-93.5916,59.07,98,94,5.73,overcast clouds
525,Tahta,EG,26.7693,31.5021,85.35,12,100,8.97,overcast clouds
526,Loughrea,IE,53.1969,-8.5669,39.38,92,68,6.38,broken clouds
527,North Bend,US,43.4065,-124.2243,55.92,78,40,8.05,scattered clouds
528,Ambon,ID,-3.6954,128.1814,84.34,79,40,4.61,scattered clouds
529,Mmabatho,ZA,-25.85,25.6333,55.36,94,95,2.3,overcast clouds
530,Mayumba,GA,-3.432,10.6554,77.11,92,100,4.5,overcast clouds
531,Ekhabi,RU,53.5102,142.9671,31.05,70,21,4.25,few clouds
532,Orbetello,IT,42.4408,11.2196,51.82,52,83,6.91,broken clouds
533,Morales,CO,2.757,-76.6172,61.43,98,100,1.01,heavy intensity rain
534,Tura,IN,25.5198,90.2201,71.83,88,5,4.54,clear sky
535,Strathpeffer,GB,57.588,-4.5382,55.11,77,100,5.91,moderate rain
536,Corinto,GR,37.9407,22.9573,56.41,76,100,8.21,overcast clouds
537,Geraldton,AU,-28.7667,114.6,59.41,63,0,10.36,clear sky
538,Lakatoro,VU,-16.0999,167.4164,84.69,69,28,3.06,scattered clouds
539,Sao Borja,BR,-28.6606,-56.0044,59.95,86,21,5.79,few clouds
540,Lubango,AO,-14.9172,13.4925,60.93,87,100,3.04,overcast clouds
541,Verkhnyaya Inta,RU,65.9811,60.3094,27.75,94,100,14.58,overcast clouds
542,Barguzin,RU,53.6167,109.6167,48.67,73,23,8.55,few clouds
543,Altamira,BR,-3.2033,-52.2064,73.36,97,97,2.21,moderate rain
544,Bilma,NE,18.6853,12.9164,78.75,13,8,7.96,clear sky
545,Saint-Joseph,RE,-21.3667,55.6167,72.21,86,4,9.28,clear sky
546,Abrau-Dyurso,RU,44.69,37.59,51.26,67,100,4.16,overcast clouds
547,Djibo,BF,14.1022,-1.6306,78.53,14,100,8.37,overcast clouds
548,Sampit,ID,-2.5333,112.95,83.08,71,100,2.95,overcast clouds
549,Dunmore Town,BS,25.5,-76.65,76.59,82,23,14.12,few clouds
550,San Juan,AR,-31.5375,-68.5364,67.53,37,18,3.49,few clouds
551,Kaeo,NZ,-35.1,173.7833,68.32,98,100,16.78,light rain
552,Iquitos,PE,-3.7481,-73.2472,75.24,100,100,2.3,overcast clouds
553,Villa Carlos Paz,AR,-31.4241,-64.4978,61.39,67,0,2.59,clear sky
554,Flin Flon,CA,54.7682,-101.865,28.63,81,100,1.95,overcast clouds
555,Kwinana,AU,-32.25,115.7667,62.15,66,0,1.99,clear sky
556,Meulaboh,ID,4.1363,96.1285,79.54,86,100,2.93,overcast clouds
557,Kangasala,FI,61.4638,24.076,38.32,88,100,4.23,overcast clouds
558,Kutahya,TR,39.4242,29.9833,50.86,53,100,2.98,overcast clouds
559,Huilong,CN,31.8111,121.655,59.94,62,100,4.79,overcast clouds
560,Senno,RU,59.5336,33.9167,30.25,96,100,1.92,overcast clouds
561,Hambantota,LK,6.1241,81.1185,73.74,100,20,0.0,few clouds
562,Tabou,CI,4.423,-7.3528,76.93,89,100,2.01,overcast clouds
563,Ritchie,ZA,-29.038,24.6028,49.21,82,0,3.71,clear sky
564,Taganak,PH,6.0833,118.3,82.54,73,14,4.23,few clouds
565,Oriximina,BR,-1.7656,-55.8661,75.87,92,96,2.86,overcast clouds
566,Sur,OM,22.5667,59.5289,85.1,46,0,8.88,clear sky
567,Palmerston North,NZ,-40.35,175.6167,68.5,66,100,15.01,overcast clouds
568,Yerbogachen,RU,61.2767,108.0108,35.42,69,81,14.03,broken clouds
569,Porto Santo,PT,33.072,-16.3415,61.18,82,20,11.5,few clouds
570,Fort Nelson,CA,58.8053,-122.7002,20.79,45,75,3.44,broken clouds
571,Tautira,PF,-17.7333,-149.15,81.36,72,21,11.25,light rain
572,Porto Seguro,BR,-16.4497,-39.0647,79.32,69,75,8.05,broken clouds
573,Brae,GB,60.3964,-1.353,45.88,82,100,21.07,overcast clouds
574,Ngunguru,NZ,-35.6167,174.5,66.47,93,100,23.58,light rain
575,Podor,MR,16.6527,-14.9587,76.95,53,0,4.61,clear sky
576,Amga,RU,60.8953,131.9608,34.66,61,13,10.33,few clouds
577,Mae Sai,TH,20.4335,99.8762,77.34,74,32,2.01,scattered clouds
578,Lamar,US,33.6668,-95.5836,67.35,82,0,8.05,clear sky
579,Santiago Del Estero,AR,-27.7951,-64.2615,65.35,56,0,3.8,clear sky
580,Turukhansk,RU,65.8167,87.9833,5.67,93,100,8.93,overcast clouds
581,Kelvington,CA,52.1667,-103.5343,18.18,92,98,4.52,overcast clouds
582,Marolambo,MG,-20.05,48.1167,67.96,95,71,1.34,broken clouds
583,Klyuchevskiy,RU,53.5317,119.4519,39.2,62,100,4.81,overcast clouds
584,Dabat,ET,12.9842,37.765,60.55,57,99,2.37,overcast clouds
585,Toul,FR,48.6667,5.9167,53.89,58,0,8.05,clear sky
586,Castro-Urdiales,ES,43.3829,-3.2204,57.42,82,0,7.25,clear sky
587,Smithers,CA,54.7804,-127.1743,50.32,17,40,2.3,scattered clouds
588,Manjeshwar,IN,12.7194,74.8861,76.15,83,0,2.68,clear sky
589,Chisec,GT,15.8167,-90.2833,88.03,75,62,3.51,broken clouds
590,Havoysund,NO,70.9963,24.6622,43.03,96,100,14.25,overcast clouds
591,Mugur-Aksy,RU,50.35,90.5,38.61,34,100,5.08,overcast clouds
592,Yar-Sale,RU,66.8333,70.8333,13.37,85,100,8.37,overcast clouds
593,Avera,US,33.194,-82.5271,71.65,71,100,3.24,overcast clouds
594,Channel-Port Aux Basques,CA,47.5702,-59.1367,35.17,85,100,24.54,overcast clouds
595,San Clemente,US,33.427,-117.612,81.05,68,7,4.0,clear sky
596,Talnakh,RU,69.4865,88.3972,4.21,94,100,5.01,overcast clouds
597,Mattru,SL,7.6244,-11.8332,77.36,85,100,2.84,overcast clouds
598,Macae,BR,-22.3708,-41.7869,65.95,94,0,1.14,clear sky
599,Jibuti,DJ,11.5,42.5,76.15,64,6,4.16,clear sky
600,Doka,SD,13.5167,35.7667,86.43,38,99,8.34,overcast clouds
601,Norwalk,US,33.9022,-118.0817,82.49,57,0,11.5,clear sky
602,Keti Bandar,PK,24.1447,67.4497,79.32,90,6,12.17,clear sky
603,Port-Cartier,CA,50.0334,-66.8654,41.22,72,100,16.31,overcast clouds
604,Amapa,BR,1.0,-52.0,72.5,99,100,2.01,overcast clouds
605,Aborlan,PH,9.4352,118.5492,86.07,75,100,9.17,overcast clouds
606,Kokopo,PG,-4.352,152.2633,84.9,67,48,3.98,scattered clouds
607,Arlit,NE,18.7369,7.3853,75.78,15,100,6.06,overcast clouds
608,Necochea,AR,-38.5473,-58.7368,58.93,83,100,9.82,overcast clouds
609,Antofagasta,CL,-23.65,-70.4,60.3,85,62,2.82,broken clouds
610,Dimona,IL,31.0667,35.0333,74.93,12,94,7.54,overcast clouds
611,Venice,US,27.0998,-82.4543,79.14,89,0,8.05,mist
612,Vangazi,LV,57.0936,24.5486,34.63,78,78,2.75,broken clouds
613,Presidencia Roque Saenz Pena,AR,-26.7852,-60.4388,59.45,83,0,5.48,clear sky
614,Kosai,JP,34.7105,137.5316,61.93,77,100,12.73,light rain
615,Samarai,PG,-10.6167,150.6667,81.97,80,100,10.58,overcast clouds
616,Villa Guerrero,MX,18.8667,-99.65,89.22,32,100,3.71,overcast clouds
617,Lapua,FI,62.9693,23.0088,33.12,91,100,3.83,overcast clouds
618,Sokyryany,UA,48.4475,27.4168,31.55,84,29,6.04,scattered clouds
619,Borogontsy,RU,62.6683,131.1683,32.83,73,84,11.01,broken clouds
620,Belokurikha,RU,51.9959,84.9896,54.79,53,91,4.52,overcast clouds
621,Locri,IT,38.2414,16.2623,50.32,92,100,1.95,overcast clouds
622,Melnikovo,RU,56.5558,84.085,34.25,80,64,4.92,broken clouds
623,Anshun,CN,26.25,105.9333,45.07,83,100,9.86,overcast clouds
624,Marovoay,MG,-16.1,46.6333,74.39,78,18,4.32,few clouds
625,Arrecife,ES,28.963,-13.5477,73.38,46,0,13.8,clear sky
626,La Paz,BO,-16.5,-68.15,46.38,75,20,5.75,few clouds
627,Alice Springs,AU,-23.7,133.8833,78.35,38,2,11.5,clear sky
628,Capiata,PY,-25.35,-57.4167,68.25,72,0,5.75,clear sky
629,Milyutinskaya,RU,48.6279,41.6679,49.44,63,100,10.22,overcast clouds
630,Ushumun,RU,52.7833,126.5333,39.87,34,100,11.21,overcast clouds
631,Ankazoabo,MG,-22.2833,44.5167,72.73,67,99,4.29,overcast clouds
632,The Valley,AI,18.217,-63.0578,79.11,78,71,24.29,broken clouds
633,Novoagansk,RU,61.9449,76.6625,14.43,96,99,5.12,overcast clouds
634,Bowen,AU,-20.0167,148.2333,80.55,58,3,14.58,clear sky
635,Yumen,CN,40.2833,97.2,46.45,24,0,6.93,clear sky
636,Wajir,KE,1.7471,40.0573,80.49,71,86,14.0,light rain
637,Koungou,YT,-12.7336,45.2042,78.51,89,0,4.61,clear sky
638,Mokhsogollokh,RU,61.4681,128.9203,32.79,62,100,11.81,overcast clouds
639,Bandarbeyla,SO,9.4942,50.8122,80.37,82,16,8.55,few clouds
640,Camana,PE,-16.6228,-72.7111,66.92,80,67,6.33,broken clouds
641,Klaipeda,LT,55.7172,21.1175,32.05,68,21,8.12,few clouds
642,Kardla,EE,58.9978,22.7492,35.96,69,61,4.36,broken clouds
643,Galesong,ID,-5.3166,119.3661,78.82,78,56,5.77,broken clouds
644,Pastos Bons,BR,-6.6017,-44.0767,74.44,90,100,2.21,overcast clouds
645,Hirara,JP,24.8,125.2833,75.47,69,40,9.22,scattered clouds
646,Ust-Nera,RU,64.5667,143.2,19.2,86,100,4.27,overcast clouds
647,Jipijapa,EC,-1.3333,-80.5833,76.5,90,26,3.09,scattered clouds
648,Morant Bay,JM,17.8815,-76.4093,80.22,82,7,6.17,clear sky
649,Lipari,IT,38.4674,14.954,54.32,68,100,6.93,overcast clouds
650,Daloa,CI,6.8774,-6.4502,73.42,94,100,1.83,light rain
651,Yazoo City,US,32.8551,-90.4056,64.71,97,20,2.01,few clouds
652,Paita,PE,-5.0892,-81.1144,69.17,76,33,16.33,scattered clouds
653,Noshiro,JP,40.2039,140.0242,49.03,40,100,8.5,overcast clouds
654,Ladario,BR,-19.0047,-57.6017,70.54,61,0,4.61,clear sky
655,Eyl,SO,7.9803,49.8164,81.03,82,35,8.1,scattered clouds
656,Sao Felix Do Xingu,BR,-6.6447,-51.995,72.82,98,100,0.38,overcast clouds
657,Oktyabrskoye,RU,43.0645,44.7417,41.14,87,61,2.24,broken clouds
658,Srandakan,ID,-7.9386,110.2506,82.51,77,89,2.84,overcast clouds
659,Mali,GN,12.079,-12.2982,74.61,27,90,3.74,overcast clouds
660,Hohhot,CN,40.8106,111.6522,43.09,87,0,2.24,clear sky
661,Puerto Baquerizo Moreno,EC,-0.9,-89.6,74.01,94,100,7.38,light rain
662,Swellendam,ZA,-34.0226,20.4417,56.5,87,99,2.37,overcast clouds
663,Ekimchan,RU,53.0667,132.9667,30.83,75,6,2.93,clear sky
664,Balkanabat,TM,39.5108,54.3671,52.38,87,43,2.57,scattered clouds
665,Mehamn,NO,71.0357,27.8492,39.78,96,100,13.44,overcast clouds
666,Xining,CN,36.6167,101.7667,36.72,47,7,1.54,clear sky
667,Denpasar,ID,-8.65,115.2167,82.06,88,20,4.61,few clouds
668,Guadalupe Y Calvo,MX,26.1,-106.9667,67.39,17,12,6.22,few clouds
669,Mandi Bahauddin,PK,32.5834,73.4843,77.67,23,7,4.16,clear sky
670,Noumea,NC,-22.2763,166.4572,84.18,99,50,7.52,scattered clouds
671,Nouakchott,MR,18.0858,-15.9785,64.33,85,13,15.79,few clouds
672,Nokaneng,BW,-19.6667,22.2667,66.61,88,45,5.73,scattered clouds
673,Piacabucu,BR,-10.4056,-36.4344,79.61,79,77,9.66,broken clouds
674,Chastyye,RU,57.2888,54.9728,31.21,94,100,8.37,overcast clouds
675,Shunyi,CN,40.125,116.6453,60.75,41,0,6.71,clear sky
676,Portland,US,45.5234,-122.6762,58.62,48,100,10.36,overcast clouds
677,Bay Roberts,CA,47.5999,-53.2648,55.15,89,100,11.01,light rain
678,Anjozorobe,MG,-18.4,47.8667,61.66,87,100,4.81,overcast clouds
679,Shemursha,RU,54.8866,47.5189,33.03,98,100,5.77,overcast clouds
680,Kolpashevo,RU,58.3131,82.9089,28.99,76,97,8.46,overcast clouds
681,Boca Do Acre,BR,-8.7522,-67.3978,73.02,97,69,2.89,broken clouds
682,Akureyri,IS,65.6835,-18.0878,42.73,87,100,0.0,light intensity drizzle
683,De Aar,ZA,-30.6497,24.0123,57.47,60,0,4.56,clear sky
684,Baoying,CN,33.2292,119.3092,62.4,54,100,6.69,overcast clouds
685,Ambagarh Chauki,IN,20.7833,80.7167,79.68,50,0,8.63,clear sky
686,Adeje,ES,28.1227,-16.726,76.3,27,0,20.71,haze
687,Mao,ES,39.8885,4.2658,50.56,81,0,5.75,clear sky
688,Lexington,US,37.9887,-84.4777,50.34,47,0,10.36,clear sky
689,Sangin,AF,32.0728,64.8359,69.46,47,66,9.66,broken clouds
690,Gat,IL,31.61,34.7642,84.88,11,28,20.83,scattered clouds
691,Nurobod,UZ,40.9056,69.8023,67.6,35,100,4.74,overcast clouds
